city_code,city_name_en
AAA,Anaa
AAB,""
AAD,""
AAE,Annaba
AAK,""
AAL,Aalborg
AAN,Al Ain
AAQ,Anapa
AAR,Aarhus
AAT,Altay
AAX,Araxa
ABA,Abakan
ABB,""
ABD,Abadan
ABE,Allentown Bethlehem Easton
ABF,""
ABI,Abilene
ABJ,Abidjan
ABK,""
ABL,Ambler
ABM,Amberley
ABQ,Albuquerque
ABR,Aberdeen
ABS,Abu Simbel
ABT,El Baha
ABU,""
ABV,Abuja
ABX,Albury
ABY,Albany
ABZ,Aberdeen
ACA,Acapulco
ACC,Accra
ACE,Lanzarote
ACH,Altenrhein
ACI,Alderney
ACK,Nantucket
ACP,""
ACR,""
ACT,Waco
ACU,Achutupo
ACV,Arcata
ACX,Xingyi
ACY,Atlantic City
ACZ,""
ADA,Adana
ADD,Addis Ababa
ADE,Aden
ADF,Adiyaman
ADH,Aldan
ADK,Adak Island
ADL,Adelaide
ADQ,Kodiak
ADU,Ardabil
ADZ,San Andres Island
AEA,""
AEB,Baise
AEG,""
AER,Sochi
AES,Alesund
AET,Allakaket
AEU,""
AEX,Alexandria
AEY,Akureyri
AFA,San Rafael
AFL,Alta Floresta
AFZ,""
AGA,Agadir
AGF,Agen
AGH,Angelholm Helsingborg
AGM,Angmagssalik
AGN,Angoon
AGP,Malaga
AGR,Agra
AGS,Augusta
AGT,Ciudad Del Este
AGU,Aguascalientes
AGX,Agatti
AHB,Abha
AHE,Ahe
AHJ,""
AHO,Alghero
AHU,Al Hociema
AIA,Alliance
AIN,Wainwright
AIS,""
AIT,Aitutaki
AIU,Atiu Island
AJA,Ajaccio
AJF,Al Jawf
AJI,Agri
AJK,""
AJL,Aizawl
AJN,Anjouan
AJR,Arvidsjaur
AJU,Aracaju
AJY,Agadez
AKB,Atka
AKF,Kufra
AKI,Akiak
AKJ,Asahikawa
AKK,Akhiok
AKL,Auckland
AKN,King Salmon
AKP,Anaktuvuk Pass
AKR,""
AKS,""
AKU,Aksu
AKV,Akulivik
AKX,Aktyubinsk
AKY,Sittwe
ALA,Almaty
ALB,Albany
ALC,Alicante
ALF,Alta
ALG,Algiers
ALH,Albany
ALO,Waterloo
ALS,Alamosa
ALW,Walla Walla
ALY,Alexandria
ALZ,Lazy Bay
AMA,Amarillo
AMD,Ahmedabad
AMH,Arba Minch
AMM,Amman
AMQ,Ambon
AMS,Amsterdam
ANA,""
ANC,Anchorage
ANE,Angers Marc
ANF,Antofagasta
ANI,Aniak
ANK,Ankara
ANR,Antwerp
ANS,Andahuaylas
ANU,Antigua
ANV,Anvik
ANX,Andoya
AOE,Eskissehir
AOG,""
AOI,Ancona
AOJ,Aomori
AOK,Karpathos
AOO,Altoona Martinsburg
AOQ,""
AOR,Alor Setar
AOS,Amook Bay
AOU,""
APF,Naples
APK,Apataki
APL,Nampula
APN,Alpena
APO,Apartado
APW,Apia
AQG,Anqing
AQI,Hafr Al Batin
AQJ,Aqaba
AQP,Arequipa
ARC,Arctic Village
ARD,Alor Island
ARH,Arkhangelsk
ARI,Arica
ARK,Arusha
ARM,Armidale
ART,Watertown
ARU,Aracatuba
ASB,Ashkhabad
ASE,Aspen
ASF,Astrakhan
ASJ,Amami
ASM,Asmara
ASO,Asosa
ASP,Alice Springs
ASR,Kayseri
ASS,""
ASU,Asuncion
ASV,Amboseli National Park
ASW,Aswan
ATA,Anta
ATC,Arthurs Town
ATD,Atoifi
ATH,Athens
ATK,Atqasuk
ATL,Atlanta
ATM,Altamira
ATQ,Amritsar
ATT,Austin
ATW,Appleton
ATY,""
ATZ,Asyut
AUA,Aruba
AUC,Arauca
AUG,Augusta
AUH,Abu Dhabi
AUK,Alakanuk
AUQ,Hiva Oa
AUR,Aurillac
AUS,Austin
AUW,Wausau
AUX,Araguaina
AUY,Anelghowhat
AVA,""
AVL,Asheville Hendersonville
AVN,Avignon
AVP,Scranton Wilkes Barre
AWA,Awasa
AWD,Aniwa
AWZ,Ahwaz
AXA,Anguilla
AXD,Alexandroupolis
AXF,""
AXJ,""
AXM,Armenia
AXP,Spring Point
AXR,Arutua
AXT,Akita
AXU,Axum
AYM,""
AYP,Ayacucho
AYQ,Ayers Rock
AYT,Antalya
AZD,Yazd
AZN,Andizhan
AZO,Kalamazoo
AZR,Adrar
AZS,Samana
BAH,Bahrain
BAK,Baku
BAL,Batman
BAQ,Barranquilla
BAR,""
BAS,Ballalae
BAV,Baotou
BAX,Barnaul
BBA,Balmaceda
BBG,""
BBI,Bhubaneswar
BBK,Kasane
BBN,Bario
BBO,Berbera
BCA,Baracoa Playa
BCD,Bacolod
BCI,Barcaldine
BCM,Bacau
BCN,Barcelona
BCO,""
BCU,""
BCV,Belmopan
BDA,Bermuda Hamilton
BDB,Bundaberg
BDH,Bandar Lengeh
BDJ,Banjarmasin
BDO,Bandung
BDP,Chandragarhi
BDQ,Vadodara
BDS,Brindisi
BDU,Bardufoss
BEB,Benbecula
BEG,Belgrade
BEJ,Tanjung Redep Borneo Island
BEL,Belem
BEM,""
BEN,Benghazi
BER,Berlin
BES,Brest
BET,Bethel
BEU,Bedourie
BEW,Beira
BEY,Beirut
BEZ,""
BFC,""
BFD,Bradford
BFF,Scottsbluff
BFJ,Bijie
BFL,Bakersfield
BFN,Bloemfontein
BFQ,Bahia Pi¤a
BFS,Belfast
BFV,Buri Ram
BFX,Bafoussam
BGA,Bucaramanga
BGC,""
BGF,Bangui
BGG,Bingol
BGI,Bridge Town
BGM,Binghamton Endicott Johnson City
BGN,""
BGO,Bergen
BGR,Bangor
BGW,Baghdad
BHB,Bar Harbor
BHE,Woodbourne
BHH,Bisha
BHI,Bahia Blanca
BHJ,Bhuj
BHK,Bukhara
BHM,Birmingham
BHO,Bhopal
BHQ,Broken Hill
BHR,Bharatpur
BHS,Bathurst
BHU,""
BHV,Bahawalpur
BHX,Birmingham
BHY,Beihai
BHZ,Belo horizonte belo horizon
BIA,Bastia
BIK,Biak
BIL,Billings
BIM,Alice Town
BIN,Bamyan
BIO,Bilbao
BIQ,Biarritz Bayonne
BIR,Biratnagar
BIS,Bismarck
BJA,Bejaja
BJB,""
BJF,Batsfjord
BJI,Bemidji
BJL,Banjul
BJM,Bujumbura
BJR,Bahar Dar
BJS,Beijing
BJT,Bentota
BJV,""
BJW,""
BJX,Leon Guanajuato
BJZ,Badajoz
BKB,""
BKC,Buckland
BKG,Branson
BKI,Kota Kinabalu
BKK,Bangkok
BKM,Bakalalan
BKN,Balkanabat
BKO,Bamako
BKQ,Blackall
BKS,Bengkulu
BKW,Beckley
BKY,Bukavu-kavumu
BKZ,Bukoba
BLA,Barcelona
BLB,""
BLE,Borlange
BLI,Bellingham
BLJ,Batna
BLK,Blackpool
BLL,Billund
BLQ,Bologna
BLR,Bangalore
BLZ,Blantyre
BMB,""
BME,Broome
BMI,Bloomington Normal
BMO,Banmaw
BMU,Bima
BMV,Buonmethuot
BMW,Bordj Badji Mokhtar
BMY,Waala
BNA,Nashville
BNC,""
BND,Bandar Abbas
BNE,Brisbane
BNI,Benin
BNK,Ballina Byron Bay
BNN,Bronnoysund
BNS,Barinas
BNX,Banja Luka
BNY,Bellona
BOB,Bora bora
BOC,Bocas Del Toro
BOD,Bordeaux
BOG,Bogota
BOH,Bournemouth
BOI,Boise
BOJ,Bourgas
BOM,Mumbai
BON,Bonaire
BOO,Bodo
BOS,Boston
BOY,Bobo Dioulasso
BPE,Bagan
BPG,""
BPL,""
BPN,Balikpapan
BPS,Porto Seguro
BPT,Beaumont
BPX,Bangda
BQB,Bussellton
BQG,""
BQH,""
BQJ,""
BQL,Boulia
BQN,Aguadilla
BQS,Blagoveschensk
BQT,Brest
BRA,Barreiras
BRC,San Carlos De Bariloch
BRD,Brainerd
BRE,Bremen
BRI,Bari
BRL,Burlington
BRM,Barquisimeto
BRN,Berne
BRO,Brownsville
BRQ,Turany
BRR,Barra
BRS,Bristol
BRU,Brussels
BRW,Barrow
BSA,Bosaso
BSB,Brasilia
BSC,Bahia Solano
BSD,Baoshan
BSG,Bata
BSK,Biskra
BSO,Basco
BSR,Basrah
BST,Lashkar Gah
BTC,""
BTH,Batam
BTI,Barter Island
BTJ,Banda Aceh
BTK,Bratsk
BTM,Butte
BTR,Baton Rouge
BTS,Bratislava
BTT,Bettles
BTU,Bintulu
BTV,Burlington
BTW,""
BUA,Buka Island
BUC,Burketown
BUD,Budapest
BUE,Buenos Aires
BUF,Buffalo
BUH,Bucharest
BUN,Buenaventura
BUP,""
BUQ,Bulawayo
BUR,Burbank
BUS,Batumi
BUT,""
BUW,""
BUX,Bunia
BUZ,Bushehr
BVB,Boa Vista
BVC,Boa Vista
BVE,Brive
BVG,Berlevag
BVH,Vilhena
BVI,Birdsville
BWA,Bhairawa
BWE,Braunschweig
BWI,Baltimore
BWK,Brac
BWN,Bandar Seri Begawan
BWT,Burnie
BWX,""
BXB,Babo
BXH,""
BXN,Bodrum
BXR,""
BXU,Butuan
BXY,""
BYC,""
BYK,Bouake
BYM,Bayamo
BYO,Bointo
BYP,""
BZE,Belize City
BZG,Bydgoszcz
BZK,""
BZL,Barisal
BZN,Bozeman
BZR,Beziers
BZV,Brazzaville
CAB,Cabinda
CAC,Cascavel
CAE,Columbia
CAG,Cagliari
CAH,Ca Mau
CAI,Cairo
CAK,Akron
CAL,Campbeltown
CAN,Guangzhou
CAP,Cap Haitien
CAS,Casablanca
CAT,""
CAW,Campos
CAY,Cayenne
CAZ,Cobar
CBB,Cochabamba
CBG,Cambridge
CBH,B Char
CBI,""
CBL,""
CBO,Cotabato
CBQ,Calabar
CBR,Canberra
CBT,Catumbela
CCA,""
CCC,Cayo Coco
CCF,Carcassonne
CCJ,Calicut
CCK,Cocos Keeling Island
CCM,Criciuma
CCN,Chaghcharan
CCP,Concepcion
CCR,""
CCS,Caracas
CCU,Kolkata
CCV,Craig Cove
CDB,Cold Bay
CDC,Cedar City
CDE,""
CDR,Chadron
CDT,""
CDV,Cordova
CEB,Cebu
CEC,Crescent City
CED,Ceduna
CEE,Cherepovets
CEG,Hawarden
CEI,Chiang Rai
CEK,Chelyabinsk
CEM,Central
CEN,Ciudad Obregon
CEZ,Cortez
CFB,Cabo Frio
CFE,Clermont Ferrand
CFG,Cienfuegos
CFK,""
CFN,Dongloe
CFR,Caen
CFS,Coffs Harbour
CFU,Corfu
CGA,Craig
CGB,Cuiaba
CGD,Changde
CGI,Cape Girardeau
CGM,Camiguin
CGN,Cologne
CGO,Zhengzhou
CGP,Chittagong
CGQ,Changchun
CGR,Campo Grande
CGY,Cagayan De Oro
CHA,Chattanooga
CHC,Christchurch
CHG,Chaoyang
CHI,Chicago
CHO,Charlottesville
CHQ,Chania
CHR,Chateauroux
CHS,Charleston
CHT,Chatham Island
CHU,Chuathbaluk
CHX,Changuinola
CHY,Choiseul Bay
CID,Cedar Rapids
CIF,Chifeng
CIH,Changzhi
CIJ,Cobija
CIK,Chalkyitsik
CIT,Chimkent
CIU,Sault Ste Marie
CIX,Chiclayo
CIY,Comiso
CJA,Cajamarca
CJB,Coimbatore
CJC,Calama
CJF,""
CJJ,Chongju
CJL,Chitral
CJM,Chumphon
CJS,Ciudad Juarez
CJU,Jeju
CKB,Clarksburg
CKD,Crooked Creek
CKG,Chongqing
CKH,Chokurdah
CKS,Carajas
CKX,""
CKY,Conakry
CKZ,Canakkale
CLE,Cleveland
CLJ,Cluj
CLL,College Station
CLO,Cali
CLP,""
CLQ,Colima
CLT,Charlotte
CLV,Caldas Novas
CLY,Calvi
CMA,Cunnamulla
CMB,Colombo
CME,Ciudad Del Carmen
CMF,Chambery
CMG,Corumba
CMH,Columbus
CMI,Champaign
CMK,Club Makokola
CMW,Camaguey
CMX,Hancock
CND,Constanta
CNJ,Cloncurry
CNM,Carlsbad
CNP,Neerlerit Inaat
CNQ,Corrientes
CNS,Cairns
CNX,Chiang Mai
CNY,Moab
COD,Cody Yellowstone
COG,""
COK,Cochin
COL,Coll
COO,Cotonou
COQ,Choibalsan
COR,Cordoba
COS,Colorado Springs
COU,Columbia
CPC,San Martin Des Andes
CPD,Coober Pedy
CPE,Campeche
CPH,Copenhagen
CPO,Copiapo
CPR,Casper
CPT,Cape Town
CPV,Campina Grande
CPX,Culebra island
CQD,""
CRA,Craiova
CRD,Comodoro Rivadavia
CRI,Crooked Island
CRK,Angeles City
CRM,Catarman
CRP,Corpus Christi
CRW,Charleston
CRZ,Turkmenabat
CSA,Colonsay
CSG,Columbus
CSH,""
CSK,Cap Skiring
CSX,Changcha
CSY,Cheboksary
CTA,Catania
CTC,Catamarca
CTD,""
CTG,Cartagena
CTL,Charleville
CTM,Chetumal
CTN,Cooktown
CTU,Chengdu
CUA,""
CUC,Cucuta
CUE,Cuenca
CUF,Levaldigi
CUK,Caye Caulker
CUL,Culiacan
CUM,Cumana
CUN,Cancun
CUR,Curacao
CUU,Chihuahua
CUZ,Cuzco
CVG,Cincinnati
CVM,Ciudad Victoria
CVN,""
CVQ,""
CVU,Corvo
CWB,Curitiba
CWC,""
CWJ,""
CWL,Cardiff
CXB,Coxs Bazar
CXF,Coldfoot
CXI,Kiritimati
CXJ,Caxias Do Sul
CYB,Cayman Brac Is
CYD,""
CYF,Chefornak
CYI,""
CYO,Cayo
CYP,Calbayog City
CYS,Cheyenne
CYU,""
CYX,Cherskiy
CYZ,Cauayan
CZE,Coro
CZH,Corozal
CZL,Constantine
CZM,Cozumel
CZN,""
CZS,Cruzeiro do Sul
CZU,Corozal
CZX,Changzhou
DAB,Daytona Beach
DAC,Dhaka
DAD,Danang
DAM,Damascus
DAR,Dar Es Salaam
DAT,Datong
DAU,Daru
DAV,David
DAX,Dazhou
DAY,Dayton
DBA,Dalbandin
DBC,""
DBO,Dubbo
DBQ,Dubuque
DBV,Dubrovnik
DCG,""
DCM,Castres
DCN,""
DCY,Daocheng
DDC,Dodge City
DDD,""
DDG,Dandong
DDU,""
DEA,Dera Ghazi Khan
DEB,Debrecen
DEC,Decatur
DED,Dehradun
DEE,Yuzhno-Kurilsk
DEF,""
DEL,New Delhi
DEN,Denver
DEX,""
DFW,Dallas Fort Worth
DGA,Dangriga
DGE,""
DGO,Durango
DGT,Dumaguete
DHB,Deer Harbor
DHG,""
DHI,Dhangarhi
DHM,Dharamsala
DHN,Dothan
DIB,Dibrugarh
DIE,Antsiranana
DIG,Shangri La
DIK,Dickinson
DIL,Dili
DIN,Dienbienphu
DIQ,""
DIR,Dire Dawa
DIU,Diu
DIW,Dickwella
DIY,Diyabakir
DJB,Jambi
DJE,Djerba
DJG,Djanet
DJH,""
DJJ,Jayapura
DJN,""
DKR,Dakar
DKS,Dikson
DLA,Douala
DLC,Dalian
DLE,Dole
DLG,Dillingham
DLH,Duluth
DLI,Dalat
DLM,Dalaman
DLR,""
DLU,Dali
DLY,Dillons Bay
DLZ,Dalanzadgad
DMB,Dzhambul
DMD,Doomadgee
DMM,Dammam
DMU,Dimapur
DND,Dundee
DNH,Dunhuang
DNK,Dnepropetrovsk
DNR,Dinard
DNZ,Denizli
DOB,""
DOD,Dodoma
DOH,Doha
DOL,Deauville
DOM,Dominica
DOU,Dourados
DOY,Dongying
DPL,Dipolog
DPO,Devonport
DPS,Denpasar Bali
DPT,""
DQA,""
DQM,""
DRG,Deering
DRK,Puntarenas
DRO,Durango
DRS,Dresden
DRT,""
DRV,""
DRW,Darwin
DSA,Doncaster Sheffield
DSE,Dessie
DSM,Des Moines
DSN,Dongsheng
DTB,""
DTM,Dortmund
DTT,Detroit
DTU,""
DUB,Dublin
DUD,Dunedin
DUE,""
DUJ,Du Bois
DUM,Dumai
DUR,Durban
DUS,Dusseldorf
DUT,Dutch harbor
DVL,Devils Lake
DVO,Davao
DWD,Dawadmi
DWO,""
DXB,Dubai
DXE,""
DYG,Dayong
DYR,Anadyr
DYU,Dushanbe
DZA,Dzaoudzi
DZN,Zhezkazgan
EAA,Eagle
EAE,Sangafa
EAM,Nejran
EAP,Mulhouse
EAR,Kearney
EAS,San Sebastian
EAT,Wenatchee
EAU,Eau Claire
EBA,Elba Island
EBB,Entebbe
EBD,""
EBH,""
EBJ,Esbjerg
EBL,Erbil
EBU,St Etienne
ECI,""
ECN,Nicosia
ECP,Panama City
EDA,""
EDI,Edinburgh
EDL,Eldoret
EDO,Balikesir Korfez
EDR,Pormpuraaw
EEK,Eek
EFL,Kefallinia
EGC,Bergerac
EGE,Vail Eagle
EGM,Sege
EGN,Geneina
EGO,Belgorod
EGS,Egilsstadir
EGX,Egegik
EIN,Eindhoven
EJA,Barrancabermeja
EJH,Wejh
EJN,""
EKO,Elko
EKS,""
ELC,Elcho Island
ELD,El Dorado
ELF,El Fasher
ELG,El Golea
ELH,North Eleuthera
ELI,Elim
ELM,Corning Elmira
ELP,El Paso
ELQ,Gassim
ELS,East London
ELU,Guemar
ELV,Elfin Cove
EMD,Emerald
EMK,Emmonak
ENA,Kenai
ENE,Ende
ENF,Enontekio
ENH,Enshi
ENI,El Nido
ENU,Enugu
ENY,Yanan
EOI,Eday
EPL,Epinal
EPR,Esperance
EQS,Esquel
ERC,Erzincan
ERF,Erfurt
ERG,""
ERH,Er Rachidia
ERI,Erie
ERL,""
ERZ,Erzurum
ESC,Escanaba
ESD,Eastsound
ESL,Elista
ESM,Esmeraldas
ESU,Essadouira
ETH,Elat
ETR,""
ETZ,Metz Nancy
EUA,Eua Island
EUG,Eugene
EUN,Laayoune
EUX,St Eustatius
EVE,Harstad Narvik
EVG,Sveg
EVN,Yerevan
EVV,Evansville
EWB,Fall River New Bedford
EWN,New Bern
EXI,Excursion Inlet
EXT,Exeter
EYK,Beloyarsky
EYP,Yopal
EYW,Key West
EZS,Elazig
EZV,""
FAC,""
FAE,Vagar
FAH,""
FAI,Fairbanks
FAO,Faro
FAR,Fargo
FAT,Fresno
FAV,Fakarava
FAY,Fayetteville
FBD,Faizabad
FBM,Lubumashi
FCA,Kalispell
FDE,Forde
FDF,Fort De France
FDH,Friedrichshafen
FEC,""
FEG,Fergana
FEN,Fernando Do Noronha
FEZ,Fez
FGU,""
FHZ,""
FIE,Fair Isle
FIH,Kinshasa
FIZ,""
FKB,Karlsruhe Baden Baden
FKI,Kisangani
FKL,Franklin
FKQ,Fak Fak
FKS,Fukushima
FLA,Florencia
FLL,Fort Lauderdale
FLN,Florianopolis
FLO,Florence
FLR,Florence
FLS,Flinders Island
FLW,Flores Flores Isl
FLZ,""
FMA,Formosa
FMI,Kalemie
FMM,Memmingen Allgau
FMN,Farmington
FMO,Mer
FMY,Fort Myers
FNA,Freetown
FNC,Madeira
FNI,""
FNJ,Pyongyang
FNT,Flint
FOA,Foula
FOC,Fuzhou
FOD,Fort Dodge
FOG,Foggia
FON,La Fortuna San Carlos
FOR,Fortaleza
FPO,Freeport
FRA,Frankfurt
FRD,Friday harbor
FRE,Fera Island
FRO,Floro
FRS,Flores
FRU,Bishkek
FRW,Francistown
FSC,Figari
FSD,Sioux Falls
FSM,Fort Smith
FSP,St Pierre
FSZ,Shizuoka
FTA,Futuna Island
FTE,El Calafate
FTI,""
FTU,Tolagnaro
FUE,Fuerteventura Puerto Del Rosario
FUG,Fuyang
FUJ,Fukue
FUK,Fukuoka
FUN,Funafuti Atol
FUO,Foshan
FUT,Futuna Island
FVM,""
FWA,Fort Wayne
FYJ,""
FYN,""
FYU,Fort Yukon
FYV,Fayetteville
GAE,Gabes
GAF,Gafsa
GAJ,Yamagata
GAL,Galena
GAM,Gambell
GAN,Gan Island
GAO,Guantanamo
GAU,Guwahati
GAX,Gamba
GAY,Gaya
GBB,Qabala
GBE,Gaborone
GBT,Gorgan
GCC,Gillette
GCH,""
GCI,Guernsey
GCK,Garden City
GCM,Grand Cayman Island
GCN,Grand Canyon
GCW,Grand Canyon West
GDE,Gode
GDL,Guadalajara
GDN,Gdansk
GDQ,Gondar
GDT,Grand Turk Is
GDV,Glendive
GDX,Magadan
GDZ,Gelendzik
GEG,Spokane
GEL,""
GEM,""
GEO,Georgetown
GER,Nueva Gerona
GES,General Santos City
GET,Geraldton
GEV,Gallivare
GFF,Griffith
GFK,Grand Forks
GFN,Grafton
GGG,Gladewater Kilgore Longview
GGM,""
GGR,""
GGT,George Town
GGW,Glasgow
GHA,Ghardaia
GHB,Governors Harbour
GHT,Ghat
GIB,Gibraltar
GIL,Gilgit
GIS,Gisborne
GIU,Sigiriya
GIZ,Gizan
GJA,Guanaja
GJL,Jijel
GJT,Grand Junction
GKA,Goroka
GKK,Kooddoo
GLA,Glasgow
GLF,Golfito
GLH,Greenville
GLK,Galcaio
GLN,""
GLO,Golouchestershire
GLT,Gladstone
GLU,""
GLV,Golovin
GLX,""
GMA,Gemena
GMB,Gambella
GME,Gomel
GMO,""
GMQ,""
GMR,Totegegie
GMZ,La Gomera
GNA,Hrodna
GND,Grenada
GNS,Gunung Sitoli
GNU,Goodnews Bay
GNV,Gainesville
GNY,Sanliurfa
GOA,Genoa
GOH,Nuuk
GOI,Goa
GOJ,Nizhniy Novgorod
GOM,Goma
GOP,Gorakhpur
GOQ,Golmud
GOT,Gothenburg
GOU,Garoua
GOV,Gove
GPA,Patras
GPI,Guapi
GPS,Galapagos Is
GPT,Gulfport
GRB,Green Bay
GRI,Grand Island
GRJ,George
GRO,Gerona
GRQ,Groningen
GRR,Grand Rapids
GRV,Grozny
GRW,Graciosa Island
GRX,Granada
GRZ,Graz
GSM,Gheshm
GSO,Greensboro High Point High Point
GSP,Greenville Greer
GST,Gustavus
GTE,Groote Eylandt
GTF,Great Falls
GTO,Gorontalo
GTZ,""
GUA,Guatemala City
GUB,""
GUC,Gunnison
GUM,Tamning
GUO,""
GUR,Gurney
GUW,Atyrau
GVA,Geneva
GVR,Governador Valadares
GWD,Gwadar
GWL,Gwalior
GWT,Westerland
GXF,Sayun Intl
GXH,Xiahe city
GYA,Guayaramer¡n
GYE,Guayaquil
GYG,""
GYL,Argyle
GYM,""
GYN,Goiania
GYS,Guangyuan
GYU,Guyuan
GZO,Gizo
GZP,Alanya
GZT,Gaziantep
HAA,Hasvik
HAC,Hachijojima
HAD,Halmstad
HAJ,Hannover
HAK,Haikou
HAM,Hamburg
HAN,Hanoi
HAQ,Haa dhaalu atoll
HAR,Harrisburg
HAS,Hail
HAU,Haugesund
HAV,Havana
HBA,Hobart
HBX,""
HCJ,""
HCQ,""
HCR,Holy Cross
HDF,Heringsdorf
HDG,Handan
HDM,""
HDN,Hayden
HDS,Hoedspruit
HDY,Hat Yai
HEA,Herat
HEH,Heho
HEK,Heihe
HEL,Helsinki
HER,Heraklion
HET,Hohhot
HFA,""
HFD,Hartford
HFE,Hefei
HFS,Hagfors
HFT,Hammerfest
HGA,Hargeisa
HGD,Hughenden
HGH,Hangzhou
HGN,Mae Hong Son
HGO,Korhogo
HGR,Hagerstown
HGU,Mount Hagen
HHH,Hilton Head
HHQ,Prachuap Khiri Khan
HHR,""
HHZ,""
HIA,Huai An
HIB,Chisholm Hibbing
HID,Horn Island
HIJ,Hiroshima
HIM,""
HIN,Sacheon
HIR,Honiara
HJJ,Zhijiang
HJR,Khajuraho
HKB,Healy
HKD,Hakodate
HKG,Hong Kong
HKK,Hokitika
HKN,Hoskins
HKT,Phuket
HLD,Hailar
HLE,""
HLH,Ulanhot
HLN,Helena
HLZ,Hamilton
HMA,Khanty Mansiysk
HMB,Sohag
HME,Hassi Messaoud
HMI,Hami
HMO,Hermosillo
HMV,Hemavan
HNA,Hanamaki
HNH,Hoonah
HNL,Honolulu
HNM,Hana
HNS,Haines
HNY,""
HOB,Hobbs
HOD,Hodeidah
HOE,""
HOF,Al Ahsa
HOG,Holguin
HOI,Hao island
HOM,Homer
HON,Huron
HOR,Horta
HOT,Hot Springs
HOU,Houston
HOV,Orsta-Volda
HOX,""
HPA,Lifuka
HPB,Hooper Bay
HPG,""
HPH,Haiphong
HPN,Westchester County
HRB,Harbin
HRE,Harare
HRG,Hurghada
HRI,Mattala
HRK,Kharkov
HRL,Harlingen
HRO,Harrison
HSG,Saga
HSL,Huslia
HSN,Zhoushan
HSV,Huntsville
HTA,Chita
HTG,Khatanga
HTI,Hamilton Island
HTN,Hotan
HTS,Huntington Ashland
HTT,""
HTY,Hatay
HUE,Humera
HUH,Huahine Island
HUI,Hue
HUN,Hualien
HUO,""
HUS,Hughes
HUU,Hu nuco
HUX,Bahias Dehuatulco
HUY,Humberside
HUZ,Huizhou
HVB,Hervey Bay
HVD,Khovd
HVG,Honningsvag
HVN,New Haven
HVR,Havre
HXD,Hilton Head Island
HYA,Hyannis
HYD,Hyderabad
HYG,Hydaburg
HYL,Hollis
HYN,Huangyan
HYS,Hays
HZG,Hanzhong
HZH,Liping
IAA,Igarka
IAG,Niagara Falls
IAM,Zarzaitine
IAN,Kiana
IAO,""
IAR,Yaroslavl
IAS,Iasi
IBA,Ibadan
IBE,Ibague
IBR,Ibaraki
IBZ,Ibiza
ICI,Cicia
ICT,Wichita
IDA,Idaho Falls
IDR,Indore
IEG,Zielona Gora
IEV,Kiev
IFJ,Isafjordur
IFN,Isfahan
IFO,Ivano Frankivsk
IFP,""
IFU,""
IGA,Inagua
IGD,Igdir
IGG,Igiugig
IGR,Iguazu
IGT,""
IGU,Iguassu Falls
IHR,""
IIL,""
IJK,Izhevsk
IKE,""
IKI,Iki
IKO,Nikolski
IKS,Tiksi
IKT,Irkutsk
ILD,Lleida
ILE,Killeen
ILI,Iliamna
ILM,Wilmington
ILO,Iloilo
ILP,lle des Pins
ILR,Ilorin
ILY,Islay
IMF,Imphal
IMP,Imperatriz
IMT,Iron Mountain
INA,""
INB,""
INC,Yinchuan
IND,Indianapolis
INH,Inhambane
INI,Nis
INL,International Falls
INN,Innsbruck
INT,Winston Salem
INU,Nauru
INV,Inverness
INZ,In Salah
IOA,Ioannina
IOM,Isle Of Man
IOQ,""
IOS,Ilheus
IOT,""
IPA,Ipota
IPC,Easter Island
IPH,Ipoh
IPI,""
IPL,""
IPN,Ipatinga
IPT,Williamsport
IQM,""
IQN,Qingyang
IQQ,Iquique
IQT,Iquitos
IRA,Kirakira
IRC,Circle
IRI,Iringa
IRJ,La Rioja
IRK,Kirksville
IRM,""
IRP,Isiro
ISA,Mount Isa
ISB,Islamabad
ISC,St. Mary's
ISE,Isparta
ISG,Ishigaki
ISN,Williston
ISP,Islip
IST,Istanbul
ISU,Sulaymaniyah
ITB,Itaituba
ITH,Ithaca
ITO,Hilo
ITU,""
IUE,Niue Island
IUI,""
IVC,Invercargill
IVL,Ivalo
IVR,""
IWA,Ivanovo
IWD,Ironwood
IWJ,Iwami
IWK,""
IXA,Agartala
IXB,Siliguri
IXC,Chandigarh
IXD,Allahabad
IXE,Mangalore
IXG,Belgaum
IXI,Lilabari
IXJ,Jammu
IXL,Leh
IXM,Madurai
IXR,Ranchi
IXS,Silchar
IXU,Aurangabad
IXY,""
IXZ,Port Blair
IYK,""
IZA,Juiz de Fora
IZM,Izmir
IZO,Izumo
IZT,""
JAC,Jackson
JAE,""
JAI,Jaipur
JAL,Jalapa
JAN,Jackson
JAR,""
JAU,""
JAV,Ilulissat
JAX,Jacksonville
JBB,""
JBR,Jonesboro
JCH,Qasigiannguit
JCK,Julia Creek
JDH,Jodhpur
JDO,Juazeiro Do Norte
JDZ,Jingdezhen
JED,Jeddah
JEG,Aasiaat
JEK,""
JER,Jersey
JFR,Paamiut
JGA,Jamnagar
JGD,Jiagedaqi District
JGN,Jiayuguan
JGO,Qeqertarsuaq Airport
JGS,Ji An
JHB,Johor Bahru
JHG,Jinghong
JHM,Kapalua
JHS,Sisimiut
JHW,Jamestown
JIB,Djibouti
JIC,""
JIJ,Jijiga
JIK,Ikaria Island
JIM,Jimma
JIN,""
JIO,""
JIQ,Qianjiang
JJD,""
JJG,""
JJM,""
JJN,Quanzhou
JJU,Qaqortoq
JKG,Jonkoping
JKH,Chios
JKL,Kalymnos
JKR,""
JKT,Jakarta
JLN,Joplin
JLR,Jabalpur
JMJ,""
JMK,Mikonos
JMO,""
JMS,Jamestown
JMU,Jiamusi
JNB,Johannesburg
JNG,Jining
JNN,Nanortalik
JNS,Narsaq
JNU,Juneau
JNX,Naxos
JNZ,Jinzhou
JOE,Joensuu
JOG,Yogyakarta
JOI,Joinville
JOK,Yoshkar ola
JOS,Jos
JPA,Joao Pessoa
JPR,Ji-Paran
JQA,Uummannaq
JQE,Jaqué
JRF,""
JRH,Jorhat
JRO,Kilimanjaro
JSA,""
JSH,Sitia
JSI,Skiathos
JSJ,""
JSR,Jessore
JST,Johnstown
JSU,Maniitsoq
JSY,Syros Island
JTC,Bauru
JTR,Thira
JTY,Astypalaia
JUB,Juba
JUH,""
JUJ,Jujuy
JUK,""
JUL,Juliaca
JUU,""
JUV,Upernavik
JUZ,Quzhou
JWN,""
JXA,Jixi
JYR,""
JYV,Jyvaskyla
JZH,Jiuzhaigou
KAA,""
KAB,Kariba
KAC,""
KAD,Kaduna
KAE,Kake
KAJ,Kajaani
KAL,Kaltag
KAN,Kano
KAO,Kuusamo
KAW,Kawthoung
KAZ,""
KBC,Brich Creek
KBH,""
KBL,Kabul
KBR,Kota Bharu
KBU,Laut Island
KBV,Krabi
KBZ,""
KCA,Kuqa
KCC,Coffman Cove
KCF,""
KCH,Kuching
KCK,""
KCL,Grand Marais
KCM,Kahramanmaras
KCO,""
KCT,Koggala
KCZ,Kochi
KDA,""
KDH,Kandahar
KDI,Kendari
KDL,Kardla
KDM,Kaadedhdhoo
KDO,Laamu atoll
KDU,Skardu
KDV,Vunisea
KDX,""
KDY,""
KDZ,Kandy
KEB,""
KEH,Kenmore
KEJ,Kemorovo
KEK,Ekwok
KEM,Kemi Tornio
KEO,""
KEP,Nepalgunj
KER,Kerman
KET,Kengtung
KEU,""
KEW,Keewaywin
KFP,False Pass
KFS,Kastamonu
KGA,Kananga
KGC,Kingscote
KGD,Kaliningrad
KGE,Kagau Island
KGF,Karaganda
KGI,Kalgoorlie
KGK,Koliganek
KGL,Kigali
KGP,Kogalym
KGQ,""
KGS,Kos
KGT,Kangding
KGX,Grayling
KHD,Khorram Abad
KHE,Kherson
KHG,Kashi
KHH,Kaohsiung
KHI,Karachi
KHK,""
KHM,Khamti
KHN,Nanchang
KHQ,""
KHS,Khasab
KHV,Khabarovsk
KHX,""
KHY,""
KHZ,""
KID,Kristianstad
KIE,Kineshma
KIF,Kingfisher Lake
KIH,Kish Island
KIJ,Niigata
KIM,Kimberley
KIN,Kingston
KIR,Kerry County
KIS,Kisumu
KIT,Kithira
KIV,Chisinau
KIY,""
KJA,Krasnojarsk
KJH,""
KKA,Koyuk
KKB,Kitoi Bay
KKC,Khon Kaen
KKE,Kerikeri
KKH,Kongiganak
KKI,""
KKJ,Kitakyushu
KKN,Kirkenes
KKR,Kaukura Atoll
KKS,""
KKX,Kikai
KLB,""
KLF,Kaluga
KLG,Kalskag
KLL,Levelock
KLN,Larsen Bay
KLO,Kalibo
KLR,Kalmar
KLU,Klagenfurt
KLV,Karlovy vary
KLW,Klawock
KLX,Kalamata
KMC,""
KME,Kamembe
KMG,Kunming
KMI,Miyazaki
KMJ,Kumamoto
KMN,Kamina Base
KMO,Manokotak
KMQ,Kanazawa
KMS,Kumasi
KMU,Kismayu
KMV,Kalemyo
KMY,Moser Bay
KND,Kindu
KNG,Kaimana
KNH,Chinmen
KNK,""
KNQ,Kone
KNS,King Island
KNU,Kanpur
KNW,New Stuyahok
KNX,Kununurra
KOA,Kona
KOC,Koumac
KOE,Kupang
KOI,Kirkwall Orkney Island
KOJ,Kagoshima
KOK,Kokkola Pietarsaari
KOM,""
KOO,""
KOP,Nakhon Phanom
KOS,Sihanoukville
KOT,Kotlik
KOV,Kokshetau
KOW,Ganzhou
KOY,Olga Bay
KOZ,Ouzinkie
KPB,Point Baker
KPN,Kipnuk
KPO,""
KPR,Port Williams
KPV,Perryville
KPW,""
KPY,Port Bailey
KQA,Akutan
KQT,""
KRB,Karumba
KRC,""
KRF,Kramfors
KRK,Krakow
KRL,Korla
KRN,Kiruna
KRO,Kurgan
KRP,Karup
KRR,Krasnodar
KRS,Kristiansand
KRT,Khartoum
KRW,Krasnovodsk
KRY,Karamay
KSA,Kosrae
KSC,Kosice
KSD,Karlstad
KSE,""
KSF,Kassel
KSH,Kermanshah
KSJ,Kasos Island
KSL,""
KSM,St Marys
KSN,Kostanay
KSO,Kastoria
KSQ,Khanabad
KSU,Kristiansund
KSY,Kars
KSZ,""
KTA,Karratha
KTB,Thorne Bay
KTD,Kitadaito
KTE,Kerteh
KTG,Ketapang
KTJ,""
KTL,Kitale
KTM,Kathmandu
KTN,Ketchikan
KTR,Katherine
KTS,Brevig Mission
KTT,Kittila
KTW,Katowice
KUA,Kuantan
KUC,""
KUD,Kudat
KUF,Samara
KUH,Kushiro
KUK,Kasigluk
KUL,Kuala Lumpur
KUM,Yakushima
KUN,Kaunas
KUO,Kuopio
KUS,Kulusuk
KUT,Kutaisi
KUU,Kullu Manali
KUV,Gunsan
KUZ,""
KVA,Kavala
KVC,King Cove
KVD,Ganja
KVG,केवीयेंग
KVK,Apatity
KVL,Kivalina
KVR,""
KVX,Kirov
KWA,Kwajalein
KWE,Guiyang
KWF,""
KWI,Kuwait
KWJ,Kwangju
KWK,Kwigillingok
KWL,Guilin
KWM,Kowanyama
KWN,Quinhagak
KWP,West Point
KWT,Kwethluk
KWZ,Kolwezi
KXA,""
KXF,Koro Island
KXK,""
KXU,""
KYA,Konya
KYK,Karluk
KYP,Kyaukpyu
KYU,Koyukuk
KYZ,Kyzyl
KZB,Zachar Bay
KZI,Kozani
KZN,Kazan
KZO,Kzyl Orda
KZR,Kutahya
KZS,Kastelorizo
LAD,Luanda
LAE,Nadzab
LAH,""
LAI,Lannion
LAJ,""
LAK,Aklavik
LAM,Los Alamos
LAN,Lansing
LAO,Laoag
LAP,La Paz
LAQ,Al Bayda
LAR,Laramie
LAS,Las vegas
LAU,Lamu
LAW,Lawton
LAX,Los Angeles
LBA,Leeds
LBB,Lubbock
LBD,Khudzhand
LBE,Latrobe
LBF,North Platte
LBJ,Labuhan bajo
LBL,Liberal
LBN,""
LBP,Long Banga
LBS,Lambasa
LBU,Labuan
LBV,Libreville
LCA,Larnaca
LCE,La Ceiba
LCG,La Coruna
LCH,Lake Charles
LCJ,Lodz
LCR,""
LCX,Longyan
LDB,Londrina
LDE,Lourdes Tarbes
LDH,Lord Howe Island
LDS,""
LDU,Lahad Datu
LDY,""
LDZ,Londolozi
LEA,Learmonth
LEB,Hanover Lebanon White River
LEC,Lençóis
LED,St Petersburg
LEI,Almeria
LEJ,Leipzig Halle
LEN,Leon
LEQ,Land's End
LET,Leticia
LEX,Lexington
LFM,""
LFQ,""
LFR,La Fria
LFT,Lafayette
LFW,Lome
LGB,Long Beach
LGG,Liege
LGI,Dead Mans Cay
LGK,Langkawi
LGL,Long Datih
LGP,Legaspi
LGQ,Lago Agrio
LHE,Lahore
LHW,Lanzhou
LIF,Lifou
LIG,Limoges
LIH,Kauai
LIL,Lille
LIM,Lima
LIO,Limon
LIQ,Lisala
LIR,Liberia
LIS,Lisbon
LIT,Little Rock
LIW,Loikaw
LIX,Likoma Island
LJA,Lodja
LJG,Lijiang
LJU,Ljubljana
LKA,""
LKB,Lakeba Island
LKH,Long Akah
LKL,Banak
LKN,Leknes
LKO,Lucknow
LKY,Lake Manyara
LLA,Lulea
LLB,""
LLF,Yongzhou
LLI,Lalibela
LLK,Lankaran
LLO,""
LLU,Alluitsup paa
LLV,Lvliang
LLW,Lilongwe
LMA,""
LMC,""
LMM,Los Mochis
LMN,Limbang
LMP,Lampedusa
LNB,Lamen Bay
LNE,Lonorore
LNJ,Lincang
LNK,Lincoln
LNO,""
LNS,Lancaster
LNV,Lihir Island
LNY,Lanai City
LNZ,Linz
LOD,Longana
LOE,Loei
LOH,La Toma Catamayo
LOK,Lodwar
LON,London
LOO,Laghouat
LOP,Praya
LOS,Lagos
LOV,""
LOY,""
LPA,Las Palmas
LPB,La Paz
LPD,""
LPF,""
LPI,Linkoping
LPK,Lipetsk
LPL,Liverpool
LPM,Lamap
LPP,Lappeenranta
LPQ,Luang Prabang
LPS,Lopez
LPT,Lampang
LPX,""
LPY,Le Puy
LQM,Puerto Legu¡zamo
LQN,""
LRD,Laredo
LRE,Longreach
LRH,La Rochelle
LRM,La Romana
LRR,Lar
LRS,Leros
LRT,Lorient
LRV,Los Roques
LSA,Losuia
LSC,La Serena
LSE,La Crosse
LSH,Lashio
LSP,Paraguana
LST,Launceston
LSW,Lhok Seumawe-Sumatra Island
LSY,Lismore
LSZ,Mali Losinj
LTI,""
LTK,""
LTO,Loreto
LTQ,Le Tourquet
LTT,La Môle
LTX,Latacunga
LUA,""
LUD,Luderitz
LUG,Lugano
LUH,Ludhiana
LUL,""
LUM,Luxi
LUN,Lusaka
LUO,Luena
LUP,Molokai
LUQ,San Luis
LUR,Cape Lisburne
LUV,Langgur seram island
LUW,Luwuk
LUX,Luxembourg
LUZ,""
LVI,Livingstone
LVO,""
LVP,""
LWB,Lewisburg
LWE,""
LWN,Gyumri
LWO,Lviv
LWS,Lewiston
LWY,Lawas
LXA,Lhasa
LXG,Luang Namtha
LXR,Luxor
LXS,Limnos
LYA,Luoyang
LYB,Little Cayman
LYC,Lycksele
LYG,Lianyungang
LYH,Lynchburg
LYI,Linyi
LYP,Faisalabad
LYR,Longyearbyen
LYS,Lyon
LYX,Lydd
LZC,Lazaro Cardenas
LZH,Liuzhou
LZN,""
LZO,Luzhou
LZR,Lizard Island
LZY,Nyingchi
MAA,Chennai
MAB,Maraba
MAD,Madrid
MAF,Midland
MAG,Madang
MAH,Menorca
MAJ,Majuro
MAM,Matamoros
MAN,Manchester
MAO,Manaus
MAQ,Tak
MAR,Maracaibo
MAS,Momote
MAU,Maupiti
MAZ,Mayaguez
MBA,Du Bois
MBD,Mafeking
MBE,Monbetsu
MBI,""
MBJ,Montego Bay
MBL,Manistee
MBS,Bay City Midland Saginaw
MBT,Masbate
MBX,Maribor
MCE,Merced
MCG,Mcgrath
MCK,Mc Cook
MCM,Monaco
MCN,""
MCP,Macapa
MCT,Muscat
MCV,Mcarthur River
MCW,Mason City
MCX,Makhachkala
MCY,Sunshine Coast
MCZ,Maceio
MDC,Manado
MDE,Medellin
MDG,Mudanjiang
MDK,Mbandaka
MDL,Mandalay
MDQ,Mar Del Plata
MDU,Mendi
MDZ,Mendoza
MEC,Manta
MED,Madinah
MEE,Mare
MEH,Mehamn
MEI,Meridian
MEL,Melbourne
MEM,Memphis
MEQ,""
MES,Medan
MEX,Mexico City
MFA,Mafia Island
MFE,Mc Allen Mission
MFK,""
MFM,Macau
MFR,Medford
MFU,Mfuwe
MGA,Managua
MGB,Mount Gambier
MGF,Maringa
MGH,Margate
MGM,Montgomery
MGQ,Mogadishu
MGS,Mangaia Island
MGT,Milingimbi
MGU,""
MGW,Morgantown
MGZ,Myeik
MHC,""
MHD,Mashhad
MHG,Mannheim
MHH,Marsh Harbour
MHK,Manhattan
MHQ,Mariehamn
MHT,Manchester
MHW,""
MIA,Miami
MID,Merida
MIG,Mianyang
MII,Mar¡lia
MIL,Milan
MIM,Merimbula
MIR,Monastir
MIS,Misima island
MIU,""
MJC,Man
MJD,Moenjodaro
MJF,Mosjoen
MJI,Tripoli
MJK,""
MJM,Mbuji Mayi
MJN,Mahajanga
MJT,Mytilene
MJU,Mamuju
MJV,Murcia
MJZ,Mirnyj
MKC,Kansas City
MKE,Milwaukee
MKG,Muskegon
MKK,Hoolehua
MKL,Jackson
MKM,Mukah
MKP,Makemo
MKQ,Merauke
MKR,""
MKW,Manokwari
MKY,Mackay
MKZ,Malacca
MLA,Malta
MLB,Melbourne
MLE,Male
MLG,Malang
MLI,Moline
MLL,Marshall
MLM,Morelia
MLN,Melilla
MLO,Milos
MLU,Monroe
MLW,Monrovia
MLX,Malatya
MLY,Manley Hot Springs
MMA,Malmo
MMB,Memanbetsu
MMD,Minami Daito
MME,Teesside
MMG,""
MMH,Mammoth Lakes
MMJ,Matsumoto
MMK,Murmansk
MMM,""
MMO,Maio
MMQ,""
MMU,Morristown
MMY,Miyako
MMZ,Maimama
MNA,""
MNC,Nacala
MNG,Maningrida
MNI,Geralds
MNK,""
MNL,Manila
MNO,""
MNT,Minto
MNU,Mawlamyine
MOA,Moa
MOB,Mobile
MOC,Montes Claros
MOF,Maumere
MOG,Mong Hsat
MOI,Mitiaro Island
MOL,Molde
MOQ,Morondava
MOT,Minot
MOU,Mountain Village
MOV,Moranbah
MOW,Moscow
MOZ,Moorea
MPA,Mpacha
MPH,Caticlan
MPL,Montpellier
MPM,Maputo
MPN,Mount Pleasant
MPP,Mulatupo
MQF,Magnetiogorsk
MQJ,""
MQL,Mildura
MQM,Mardin
MQN,Mo i Rana
MQP,Mpumalanga
MQT,Marquette
MQX,Makale
MRA,Misratah
MRE,Masai Mara
MRQ,""
MRS,Marseille
MRU,Mauritius
MRV,Mineralnye Vody
MRX,Bandar Mahshahr
MRY,Carmel Monterey
MRZ,Moree
MSA,Muskrat Dam
MSJ,Misawa
MSL,Florence Muscle Shoals Sheffield
MSN,Madison
MSO,Missoula
MSP,Minneapolis St Paul
MSQ,Minsk
MSR,Mus
MSS,Massena
MST,Maastricht
MSU,Maseru
MSY,New Orleans
MSZ,Mocamedes
MTJ,Montrose
MTK,""
MTM,Metakatla
MTR,Monteria
MTT,Minatitlan
MTV,Ablow
MTY,Monterrey
MUA,Munda
MUB,Maun
MUC,Munich
MUE,Kamuela
MUH,Mersa Matruh
MUK,Mauke Island
MUN,Maturin
MUR,Marudi
MUW,Ghriss
MUX,Multan
MUZ,Musoma
MVB,Franceville
MVD,Montevideo
MVL,Morrisville
MVP,Mitu
MVR,Maroua
MVT,Mataiva
MVY,Marthas Vineyard
MWA,Marion
MWF,Maewo Island
MWK,""
MWX,Muan
MWZ,Mwanza
MXH,Moro
MXL,Mexicali
MXV,Muren
MXX,Mora
MXZ,Meixian
MYA,Moruya
MYD,Malindi
MYG,Mayaguana
MYJ,Matsuyama
MYP,Mary
MYR,Myrtle Beach
MYT,Myitkyina
MYU,Mekoryuk
MYW,Mtwara
MYY,Miri
MZA,""
MZG,Makung
MZH,Merzifon
MZK,""
MZL,Manizales
MZO,Manzanillo
MZR,Mazar I Sharif
MZT,Mazatlan
MZV,Mulu
MZW,""
NAA,""
NAG,Nagpur
NAH,Naha
NAJ,Nakhchivan
NAL,Nalchik
NAN,Nadi
NAO,Nanchong
NAP,Naples
NAQ,Qaanaaq
NAS,Nassau
NAT,Natal
NAU,""
NAV,Nevsehir
NAW,Narathiwat
NBC,Beaufort
NBE,Enfidha
NBN,""
NBO,Nairobi
NBS,Baishan
NBW,""
NBX,Nabire
NCE,Nice
NCJ,""
NCL,Newcastle
NCU,Nukus
NDB,Nouadhibou
NDC,""
NDG,Qiqihar
NDJ,N Djamena
NDR,El Aroui
NDU,Rundu
NDY,Sanday
NEI,""
NER,""
NEU,""
NEV,Nevis
NFO,Angaha
NGB,Ninbo
NGD,""
NGE,Ngaoundere
NGK,""
NGL,""
NGO,Nagoya
NGQ,Shiquanhe
NGS,Nagasaki
NHA,Nhatrang
NHV,Nuku Hiva
NIB,Nikolai
NIF,""
NIG,""
NIM,Niamey
NIQ,""
NIU,Niau
NJC,Nizhnevartovsk
NJF,Najaf
NKC,Nouakchott
NKG,Nanking Nanjing
NKI,""
NKT,Cherry Point
NLA,Ndola
NLD,Nuevo Laredo
NLG,Nelson Lagoon
NLH,""
NLK,Norfolk Island
NLT,Xinyuan
NMA,Namangan
NME,Nightmute
NNB,Santa Ana
NNG,Nanning
NNL,Nondalton
NNM,Naryan Mar
NNT,Nan
NNY,Nanyang
NOB,Nosara Beach
NOC,Knock
NOJ,Noyabrsk
NON,""
NOP,""
NOS,Nosy Be
NOU,Noumea
NOV,Huambo
NOZ,Novokuznetsk
NPE,Napier
NPL,New Plymouth
NQN,Neuquen
NQT,Nottingham
NQU,Nuqu¡
NQY,Newquay
NRA,Narrandera
NRE,""
NRK,Norrkoeping
NRL,North Ronaldsay
NRR,""
NSB,Bimini
NSH,""
NSK,Norilsk
NSN,Nelson
NSQ,""
NST,Nakhon Si Thammarat
NTB,Notodden
NTE,Nantes
NTG,Nantong
NTL,Newcastle
NTN,Normanton
NTQ,Wajima
NTT,Niuatoputapu
NTX,Ranai-Natuna Besar Island
NTY,Sun City
NUE,Nerg
NUF,""
NUI,Nuiqsut
NUK,""
NUL,Nulato
NUP,Nunapitchuk
NUS,Norsup
NUX,Novyi Urengoy
NVA,Neiva
NVI,Navoi
NVK,Narvik
NVT,Navegantes
NWA,Moheli
NWI,Norwich
NYA,Nyagan
NYC,New York
NYI,Sunyani
NYK,Nanyuki
NYM,Nadym
NYR,""
NYT,NAYPYITAW
NYU,Nyuang U
NYW,""
NZH,Manzhouli
NZL,""
OAG,Orange
OAJ,Jacksonville
OAK,Oakland
OAL,Marktoberdorf
OAS,""
OAX,Oaxaca
OBN,North Connel
OBO,Obihiro
OBU,Kobuk
OBY,Ittoqqortoormiit
OCC,Coca
OCM,""
ODE,Odense
ODN,Long Seridan
ODO,Bodaibo
ODS,Odessa
ODY,Muang Xay
OER,Ornskoldsvik
OFU,""
OGG,Kahului
OGL,Georgetown
OGM,""
OGN,Yonaguni Jima
OGS,Ogdensburg
OGU,""
OGX,Ouargla
OGZ,Beslan
OHD,Ohrid
OHE,Mohe County
OHH,Okha
OHO,Okhotsk
OHS,""
OIR,Okushiri
OIT,Oita
OKA,Okinawa
OKC,Oklahoma City
OKE,""
OKI,Oki Island
OKJ,Okayama
OKL,""
OLA,Orland
OLB,Olbia
OLF,Wolf Point
OLH,Old Harbor
OLL,""
OLP,""
OLX,""
OLZ,Olpoi
OMA,Omaha
OMC,""
OMD,Oranjemund
OME,Nome
OMH,Uromiyeh
OMO,""
OMR,Oradea
OMS,Omsk
OND,Ondangwa
ONG,Mornington
ONJ,Odate Noshiro
ONK,""
ONQ,Zonguldak
ONS,Onslow
ONT,Ontario
OOK,Toksook Bay
OOL,Gold Coast
OOM,Cooma
OOT,""
OPO,Porto
OPS,Sinop
ORB,Orebro
ORF,Norfolk
ORH,Worcester
ORI,Port Lions
ORK,Cork
ORL,Orlando
ORN,Oran
ORT,""
ORU,""
ORV,Noorvik
ORZ,""
OSA,Osaka
OSD,Ostersund
OSI,Osijek
OSL,Oslo
OSN,Osan
OSO,""
OSR,Ostrava
OSS,Osh
OST,Ostend
OSW,Orsk
OSY,Namsos
OTD,Contadora Island
OTH,North Bend
OTI,Morotai Island
OTZ,Kotzebue
OUA,Ouagadougou
OUD,Oujda
OUL,Oulu
OUZ,""
OVB,Novosibirsk
OVD,Asturias
OVS,Sovetskiy
OWB,Owensboro
OXB,Bissau
OZC,Ozamis
OZG,""
OZH,Zaporozhye
OZZ,Ouarzazate
PAD,Paderborn
PAF,Pakuba
PAG,Pagadian
PAH,Paducah
PAP,Port Au Prince
PAR,Paris
PAS,Paros
PAT,Patna
PAV,Paulo Alfonso
PAZ,Poza Rica
PBC,Puebla
PBD,""
PBG,Plattsburgh
PBH,Paro
PBI,West Palm Beach
PBJ,Paama Island
PBM,Paramaribo
PBO,Paraburdoo
PBP,Nandayure
PBR,""
PBU,Putao
PBZ,""
PCL,Pucallpa
PCN,Picton
PCP,""
PCQ,""
PCR,Puerto Carreno
PDA,Puerto In¡rida
PDB,Pedro Bay
PDG,Padang
PDL,Ponta Delgada
PDM,""
PDP,Punta Del Este
PDS,Piedras Negras
PDT,Pendleton
PDV,Plovdiv
PDX,Portland
PEC,Pelican
PED,Pardubice
PEE,Perm
PEG,Perugia
PEI,Pereira
PEM,Puerto Maldonado
PEN,Penang
PER,Perth
PES,Petrozavodsk
PET,Pelotas
PEU,Puerto Lempira
PEW,Peshawar
PEX,""
PEZ,Penza
PFB,Passo Fundo
PFO,Paphos
PGA,Page
PGF,Perpignan
PGH,Pantnagar
PGK,Pangkal Pinang
PGM,""
PGU,Khalije Fars
PGV,Greenville
PGX,Perigueux
PGZ,""
PHB,""
PHC,Port Hartcourt
PHE,Port Hedland
PHF,Hampton Newport News Williamsburg
PHL,Philadelphia
PHO,Port Moller
PHS,Phitsanulok
PHW,Phalaborwa
PHX,Phoenix
PIA,Peoria
PIH,Pocatello
PIN,Parintins
PIO,""
PIP,Port Moller
PIR,Pierre
PIS,Poitiers
PIT,Pittsburgh
PIU,Piura
PIX,Pico
PIZ,Point Lay
PJA,Pajala
PJG,Panjgur
PJM,Puerto jimenez
PKA,""
PKB,Marietta Parkersburg
PKC,Petropavlovsk Kamchats
PKE,Parkes
PKN,Pangkalan Bun
PKP,Puka puka
PKR,Pokhara
PKU,Pekanbaru
PKY,Palangkaraya
PKZ,Pakse
PLJ,Placencia
PLM,Palembang
PLN,Pellston
PLO,Port Lincoln
PLQ,Palanga
PLS,Providenciales
PLW,Palu
PLX,Semiplatinsk
PLZ,Port Elizabeth
PMA,Pemba
PMC,Puerto Montt
PMI,Palma Mallorca
PMK,Palm Island
PML,Cold Bay
PMO,Palermo
PMR,Palmerston North
PMV,Porlamar
PMW,Palmas
PMY,Puerto Madryn
PMZ,Palmar Sur
PNA,Pamplona
PND,Punta Gorda
PNH,Phnom Penh
PNI,Pohnpei
PNK,Pontianak
PNL,Pantelleria
PNP,Girua
PNQ,Pune
PNR,Pointe Noire
PNS,Pensacola
PNT,Puerto Natales
PNY,""
PNZ,Petrolina
POA,Porto Alegre
POG,Port Gentil
POI,Potosi
POL,Pemba
POM,Port Moresby
POP,Puerto Plata
POR,Pori
POS,Port Of Spain Trinidad
POZ,Poznan
PPB,President Prudente
PPG,Pago Pago
PPK,Petropavlosk
PPN,Popayan
PPP,Prosserpine
PPQ,Paraparaumu
PPS,Puerto Princesa
PPT,Papeete
PPV,Port Protection
PPW,Papa Westray
PQC,Phu Quoc
PQI,Presque Isle
PQM,""
PQQ,Port Macquarie
PQS,Pilot Station
PQT,""
PRA,Parana
PRC,Prescott
PRG,Prague
PRH,Phrae
PRI,Praslin
PRM,""
PRN,Pristina
PRY,Pretoria
PSA,Pisa
PSC,Pasco
PSE,Ponce
PSG,Petersburg
PSJ,Poso
PSO,Pasto
PSP,Palm Springs
PSR,Pescara
PSS,Posadas
PSU,Putussibau Borneo Island
PSV,Papa Stour
PSZ,""
PTA,Port alsworth
PTG,Polokwane
PTH,Port Heiden
PTJ,Portland
PTK,Pontiac
PTP,Pointe A Pitre
PTU,Port Moller
PTX,""
PTY,Panama city
PUB,Pueblo
PUE,Puerto Obaldia
PUF,Pau
PUG,Argyle
PUJ,Punta Cana
PUK,Pukarua
PUM,Pomalaa
PUQ,Punta Arenas
PUS,Busan
PUU,Puerto Asis
PUW,Pullman
PUY,Pula
PVA,Providencia
PVC,Provincetown
PVD,Providence
PVH,Porto velho
PVK,Preveza
PVR,Puerto Vallarta
PWE,Pevek
PWM,Portland
PWQ,Pavlodar
PXA,""
PXM,Puerto Escondido
PXO,Porto Santo
PXU,Pleiku
PYC,Playon Chico
PYH,Puerto Ayacucho
PYJ,Yakutia
PYY,Pai
PZB,Pietermaritzburg
PZH,Zhob
PZI,Panzhihua
PZL,""
PZO,Puerto Ordaz
PZU,Port Sudan
QBC,Bella Coola
QCU,Akunnaaq
QFG,""
QFI,Iginniarfik
QFN,""
QFT,""
QFX,""
QGQ,""
QJE,""
QJH,""
QJI,""
QMK,""
QOQ,""
QOW,Imo
QPW,""
QRO,Queretaro
QRW,Osubi
QRY,""
QSC,Sao Carlos
QSF,Setif
QSZ,""
QUB,""
QUO,""
QUP,""
QUV,""
QUW,""
RAB,Rabaul
RAE,Arar
RAH,Rafha
RAI,Praia
RAJ,Rajkot
RAK,Marrakech
RAL,Riverside
RAO,Ribeirao preto
RAP,Rapid City
RAQ,""
RAR,Rarotonga
RAS,Rasht
RBA,Rabat
RBM,Robinson
RBQ,Rerrenabaque
RBR,Rio Branco
RBV,Ramata
RBY,Ruby
RCB,Richards Bay
RCE,Roche Harbor
RCH,Riohacha
RCM,Richmond
RCQ,""
RCU,""
RCY,""
RDB,""
RDD,Redding
RDM,Bend Redmond
RDO,""
RDP,""
RDU,Raleigh
RDV,Red Devil
RDZ,""
REA,Reao
REC,Recife
REG,Reggio Calabria
REK,Reykjavik
REL,Trelew
REN,Orenburg
REP,Siem Reap
RES,Resistencia
RET,Røst
REU,Reus
REX,Reynosa
RFP,Raiatea Island
RGA,Rio Grande
RGI,Rangiroa
RGK,Gorno-Altaysk
RGL,Rio Gallegos
RGN,Yangon
RHD,Rio Hondo
RHI,Rhinelander
RHO,Rhodes
RHR,""
RHT,""
RIA,Santa Maria
RIB,Riberalta
RIC,Richmond
RIH,""
RIO,Rio De Janeiro
RIS,Rishiri Island
RIW,Riverton
RIX,Riga
RIY,Mukalla
RIZ,""
RJA,Rajahmundry
RJH,Rajshahi
RJK,Rijeka
RJL,Logro¤o-Agoncillo
RJM,""
RJN,""
RKA,""
RKD,Rockland
RKS,Rock Springs
RKT,Ras Al Khaimah
RKZ,""
RLG,Laage
RLK,Bayannur
RMA,Roma
RMF,Marsa Alam
RMI,Rimini
RMP,Rampart
RMQ,Taichung
RMS,Ramstein
RMT,Rimatara
RNA,Ulawa
RNB,Ronneby
RNJ,Yoron
RNL,Rennell Island
RNN,Ronne
RNO,Reno
RNS,Rennes
ROA,Roanoke
ROC,Rochester
ROI,Roi Et
ROK,Rockhampton
ROM,Rome
ROO,Rondonopolis
ROP,Rota
ROR,Koror
ROS,Rosario
ROT,Rotorua
ROV,Rostov
ROW,Roswell
RPR,Raipur
RRG,Rodrigues Is
RRR,""
RRS,Roros
RSA,Santa Rosa
RSD,Rock Sound
RSH,Russian Mission
RSS,""
RST,Rochester Mn
RSU,Yeosu
RTA,Rotuma
RTB,Roatan
RTG,Ruteng
RTI,""
RTM,Rotterdam
RTW,Saratov
RUA,Arua
RUD,""
RUH,Riyadh
RUN,St Denis De La Reunion
RUR,Rurutu
RUS,Marau
RUT,Rutland
RVD,Rio Verde
RVE,Saravena
RVI,""
RVK,Rørvik
RVN,Rovaniemi
RVT,Ravensthorpe
RVV,Raivavae
RXS,Roxas City
RYK,Rahim Yar Khan
RYL,""
RZE,Rzeszow
RZR,""
RZS,""
SAB,Saba
SAC,Sacramento
SAE,""
SAF,Santa Fe
SAG,""
SAH,Sanaa
SAL,San Salvador
SAN,San Diego
SAO,Sao Paulo
SAP,San Pedro Sula
SAT,San Antonio
SAV,Savannah
SBA,Santa Barbara
SBG,Sabang
SBH,St Barthelemy
SBN,South Bend
SBP,San Luis Obispo
SBT,""
SBW,Sibu
SBY,Salisbury Ocean City
SBZ,Sibiu
SCC,Deadhorse
SCE,State College
SCL,Santiago
SCM,Scammon Bay
SCN,Saarbruecken
SCO,Aktau
SCQ,Santiago
SCT,Socotra
SCU,Santiago De Cuba
SCV,Suceava
SCW,Syktyvkar
SCY,San Crist¢bal
SCZ,Santa Cruz Graciosa Bay Luova
SDD,Lubango
SDE,Santiago Del Estero
SDF,Louisville
SDG,""
SDJ,Sendai
SDK,Sandakan
SDL,Sundsvall
SDN,Sandane
SDP,Sand Point
SDQ,Santo Domingo
SDR,Santander
SDY,Sidney
SDZ,Scatsta
SEA,Seattle
SEB,Sebha
SEK,""
SEL,Seoul
SEU,Seronera
SEZ,Mahe Island
SFA,Sfax
SFD,San Fernando De Apure
SFG,St Martin
SFJ,Sondrestrom
SFL,Sao Filipe
SFN,Santa Fe
SFO,San Francisco
SFS,""
SFT,Skelleftea
SGC,Surgut
SGD,Sonderborg
SGF,Springfield
SGG,""
SGN,Ho Chi Minh City
SGO,St George
SGU,Saint George
SGX,""
SGY,Skagway
SHA,Shanghai
SHB,Nakashibetsu
SHC,""
SHD,Staunton
SHE,Shenyang
SHF,""
SHG,Shungnak
SHH,Shishmaref
SHJ,Sharjah
SHL,Shillong
SHM,Nanki Shirahama
SHO,Sokch'o
SHV,Shreveport
SHW,Sharurah
SHX,Shageluk
SIA,Xi'an
SIC,Sinop
SID,Amilcar Cabral
SIF,Simara
SIN,Singapore
SIP,Simferopol
SIR,Sion
SIS,Sishen
SIT,Sitka
SJC,San Jose
SJD,San Jose Cabo
SJE,San Jose Del Guaviare
SJI,San Jose
SJJ,Sarajevo
SJK,Sao Jose Dos Campos
SJO,San Jose
SJP,Sao Jose Do Rio Preto
SJT,San Angelo
SJU,San Juan
SJW,Shijiazhuang
SJZ,Sao Jorge Island
SKB,St Kitts
SKD,Samarkand
SKG,Thessaloniki
SKK,Shaktoolik
SKN,Stokmarknes
SKO,Sokoto
SKP,Skopje
SKT,Sialkot
SKU,Skiros
SKX,Saransk
SKZ,Sukkur
SLA,Salta
SLC,Salt Lake City
SLH,Sola
SLI,Solwesi
SLK,Saranac Lake
SLL,Salalah
SLM,Salamanca
SLN,""
SLP,San Luis Potosi
SLQ,Sleetmute
SLU,St Lucia
SLV,""
SLW,Saltillo
SLX,Salt Cay
SLY,Salekhard
SLZ,Sao Luis
SMA,Santa Maria Island
SMI,Samos
SMK,St. Michael
SML,Stella Maris
SMQ,Sampit Borneo Island
SMR,Santa Marta
SMS,Sainte Marie
SMT,""
SMX,Santa Maria
SNA,Santa Ana
SNC,Salinas
SNE,Sao Nocolau Island
SNG,""
SNN,Shannon
SNO,Sakon Nakhon
SNP,St Paul Island
SNR,St Nazaire
SNU,Santa Clara
SNW,Thandwe
SOB,S rmell‚k
SOC,Solo City
SOF,Sofia
SOG,Sogndal
SOJ,Sorkjosen
SOM,San Tome
SON,Santo
SOQ,Sorong
SOU,Southampton
SOV,""
SOW,Show Low
SOY,Stronsay
SPC,Santa Cruz De La Palma
SPD,Saidpur
SPI,Springfield
SPK,Sapporo
SPN,Saipan
SPP,Menongue
SPR,San pedro
SPS,Wichita Falls
SPU,Split
SPY,San Pedro
SQD,""
SQG,Sintang-Borneo Island
SQJ,""
SRE,Sucre
SRG,Semarang
SRI,Samarinda
SRK,""
SRP,Stord
SRQ,Bradenton Sarasota
SRV,Stony River
SRY,Dasht E Naz
SRZ,Santa Cruz
SSA,Salvador
SSG,Malabo
SSH,Sharm El Sheikh
SSI,Brunswick
SSJ,Sandnessjoen
SSR,Pentecost Island
STD,Santo Domingo
STG,St. George
STI,Santiago
STL,St Louis
STM,Santarem
STO,Stockholm
STR,Stuttgart
STS,Santa Rosa
STT,St Thomas
STV,Surat
STW,Stavropol
STX,St Croix Island
SUB,Surabaya
SUF,Lamezia Terme
SUG,Sangley Point
SUJ,Satu Mare
SUK,""
SUN,Hailey Sun Valley
SUP,""
SUR,Summer Beaver
SUV,Suva
SUX,Sioux City
SUY,""
SVA,Savoonga
SVB,Sambava
SVC,Silver City
SVD,St Vincent
SVG,Stavanger
SVJ,Svolv R
SVK,""
SVL,Savonlinna
SVP,Kuito
SVQ,Sevilla
SVR,""
SVS,""
SVU,Savusavu
SVX,Ekaterinburg
SWA,Shantou
SWJ,Malekula Island
SWO,""
SWQ,Sumbawa Island
SWT,Strezhevoy
SWV,""
SXB,Strasbourg
SXK,""
SXM,St Maarten
SXP,Nunam Iqua
SXR,Srinagar
SXZ,""
SYB,Seal Bay
SYD,Sydney
SYJ,""
SYM,Simao
SYO,Shonai
SYR,Syracuse
SYS,""
SYX,Sanya
SYY,Stornoway
SYZ,Shiraz
SZA,Soyo
SZE,""
SZF,Samsun
SZG,Salzburg
SZI,""
SZK,Skukuza
SZX,Shenzhen
SZY,""
SZZ,Szczecin
TAB,Tobago
TAC,Tacloban
TAE,Taegu
TAG,Tagbilaran
TAH,Tanna
TAI,Taiz
TAK,Takamatsu
TAL,Tanana
TAM,Tampico
TAO,Qingdao
TAP,Tapachula
TAS,Tashkent
TAT,Poprad
TAY,Tartu Ulenurme
TAZ,Dasoguz
TBB,Tuy Hoa
TBF,""
TBG,Tabubil
TBH,Romblon
TBI,""
TBN,Fort Leonard Wood
TBO,Tabora
TBP,Tumbes
TBS,Tbilisi
TBT,Tabatinga
TBU,Nuku Alofa
TBW,Tambow
TBZ,Tabriz
TCA,Tennant Creek
TCB,Treasure Cay
TCD,""
TCG,Tacheng
TCI,""
TCO,Tumaco
TCQ,Tacna
TCR,""
TCT,Takotna
TCX,""
TCZ,Tengchong
TDD,Trinidad
TDG,Tandag
TDK,Taldykorgan
TDX,Trat
TEE,Tebessa
TEN,Tongren
TEQ,Çorlu
TER,Lajes Terceira Island
TET,Tete
TEX,""
TEZ,Tezpur
TFF,Tefe
TFI,Tufi
TGC,Tanjung Manis
TGD,Podgorica
TGG,Kuala Terengganu
TGH,Tongoa Island
TGI,""
TGJ,Tiga
TGM,Tirgu Mures
TGO,Tongliao
TGP,""
TGR,Touggourt
TGT,Tanga
TGU,Tegucigalpa
TGZ,Tuxtla Gutierrez
THD,Thanh Hoa
THE,Teresina
THL,Tachilek
THN,Trollhattan
THQ,Tianshui
THR,Tehran
THS,Sukhothai
THU,Pituffik
THX,""
TIA,Tirana
TID,Tiaret
TIF,Taif
TIH,Tikehau
TII,Tarin Kowt
TIJ,Tijuana
TIM,Timika
TIN,Tindouf
TIP,Tripoli
TIR,Tirupati
TIU,Timaru
TIV,Tivat
TIW,Tacoma
TIZ,Tari
TJA,Tarija
TJK,""
TJL,""
TJM,Tyumen
TJN,""
TJQ,Tanjung Pandan
TJS,""
TJU,Kulyab
TKD,Takoradi
TKE,Tenakee Springs
TKG,Bandar Lampung Sumatra Island
TKJ,""
TKK,Chuuk
TKN,Tokunoshima
TKP,Takapoto
TKQ,Kigoma
TKS,Tokushima
TKU,Turku
TKV,""
TKX,Takaroa
TLA,Teller
TLE,Toliara
TLH,Tallahassee
TLI,""
TLJ,Tatalina
TLK,""
TLL,Tallinn
TLM,Tlemcen
TLN,Hyeres
TLQ,""
TLS,Toulouse
TLT,Tuluksak
TLU,""
TLV,Tel Aviv Yafo
TLY,""
TMC,Waikabubak Sumba Island
TME,Tame
TMF,""
TMI,Tumling Tar
TMJ,Termez
TML,Tamale
TMM,Toamasina
TMN,""
TMP,Tampere
TMR,Tamanrasset
TMS,Sao Tome
TMT,Oriximina
TMU,Nicoya
TMW,Tamworth
TMX,Timimoun
TNA,Jinan
TNC,Tin City
TNE,Tanegashima
TNG,Tangier
TNH,""
TNJ,Tanjung Pinang
TNK,Tununak
TNN,Tainan
TNO,Nicoya
TNR,Antananarivo
TOB,Tobruk
TOE,Tozeur
TOF,Tomsk
TOG,Togiak Village
TOH,Loh Linua
TOL,Toledo
TOS,Tromso
TOU,Touho
TOV,""
TOY,Toyama
TPA,Tampa
TPE,Taipei
TPP,Tarapoto
TPQ,Tepic
TPS,Trapani
TQA,""
TQI,""
TQL,""
TQR,Tremiti Islands
TRA,""
TRC,Torreon
TRD,Trondheim
TRE,Tiree
TRG,Tauranga
TRI,Blountville
TRK,Taraken
TRN,Turin
TRO,Taree
TRR,Trinciomalee
TRS,Trieste
TRU,Trujillo
TRV,Trivandrum
TRW,Tarawa
TRZ,Tiruchirappally
TSE,Tselinograd
TSJ,Tsushima
TSN,Tianjin
TSR,Timisoara
TST,Trang
TSU,""
TSV,Townsville
TSY,""
TTA,Tan Tan
TTE,Ternate
TTJ,Tottori
TTQ,Roxana
TTT,Fengnin
TTU,Tetouan
TUB,Tubuai
TUC,Tucuman
TUF,Tours
TUG,Tuguegarao
TUI,Turaif
TUK,Turbat
TUL,Tulsa
TUN,Tunis
TUO,Taupo
TUP,Tupelo
TUS,Tucson
TUU,Tabuk
TVC,Traverse City
TVF,Thief River Falls
TVS,Tangshan
TVU,Matei
TVY,Dawei
TWA,Twin Hills
TWB,Toowoomba
TWF,Twin Falls
TWT,""
TWU,Tawau
TXE,""
TXF,""
TXK,Texarkana
TXN,Huangshan
TYD,""
TYF,Torsby
TYL,Talara
TYN,Taiyuan
TYO,Tokyo
TYR,Tyler
TYS,Knoxville
TZL,""
TZX,Trabzon
UAH,Ua Huka
UAK,Narsarsuaq
UAP,Ua Pou
UAQ,San Julian
UAS,Samburu south
UBA,Uberaba
UBJ,Yamaguchi
UBP,Ubon Ratchathani
UBS,""
UCB,""
UCT,Ukhta
UDI,Uberlandia
UDJ,Uzhgorod
UDR,Udaipur
UEL,Quelimane
UEO,Kumejima
UET,Quetta
UFA,Ufa
UGC,Urgench
UGI,""
UIB,Quibdo
UIH,Phucat
UII,Utila
UIN,Quincy
UIO,Quito
UIP,Quimper
UKA,Ukunda
UKG,""
UKK,Ust Kamenogorsk
UKX,Ust-Kut
ULB,Ambryn Island
ULD,Ulundi
ULG,Olgii
ULH,Al-Ula
ULK,Lensk
ULN,Ulaanbaatar
ULO,Ulaangom
ULP,Quilpie
ULV,Ulyanovsk
ULX,Ulusaba
ULY,""
ULZ,""
UMD,Uummannaq
UME,Umea
UMS,Ust-Maya
UND,Kunduz
UNG,Kiunga
UNK,Unalakleet
UNN,Ranong
UOA,""
UOL,""
UPG,Ujung pandang
UPK,""
UPN,Uruapan
URA,Uralsk
URC,Urumqi
URE,Kuressaare
URG,Uruguaiana
URJ,Uraj
URO,""
URS,Kursk
URT,Surat Thani
URY,Guriat
USH,Ushuaia
USK,Usinsk
USM,Koh Samui
USN,Ulsan
USQ,Usak
USR,""
UST,St. Augustine Airport
USU,Busuanga
UTH,Udon Thani
UTN,Upington
UTO,Indian Mountains
UTP,Pattaya
UTS,""
UTT,Umtata
UUA,""
UUD,Ulan Ude
UUS,Yuzhno Sakhalinsk
UVE,Ouvea
UYL,Nyala
UYN,Yulin
UYU,Uyuni
UZR,""
VAA,Vaasa
VAG,Varginha
VAI,Vanimo
VAK,Chevak
VAL,""
VAM,Maamigili
VAN,Van
VAO,Suavanao
VAR,Varna
VAS,Sivas
VAV,Vava'u Island
VAW,Vardø
VBA,""
VBP,""
VBV,Vanua Balavu
VBY,Visby
VCA,Can Tho
VCE,Venice
VCL,Chu Lai
VCS,Conson
VCT,Victoria
VCV,Victorville
VDA,Ovda
VDC,Vit¢ria Da Conquista
VDE,Hierro
VDH,Dong Hoi
VDM,Viedma
VDS,Vadso
VDZ,Valdez
VEE,Venetie
VEL,Vernal
VER,Veracruz
VFA,Victoria Falls
VGA,Vijayawada
VGO,Vigo
VGZ,Villa Garzon
VHC,Saurimo
VHM,Vilhelmina
VHV,""
VHZ,""
VIE,Vienna
VIF,Vieste
VIG,El Vig¡a
VII,Vinh
VIJ,Spanish town
VIL,Dakhla
VIN,""
VIT,Vitoria
VIX,Vitoria
VKG,Rach Gia
VKT,Vorkuta
VLC,Valencia
VLD,Valdosta
VLI,Port Vila
VLL,Valladolid
VLN,Valencia
VLS,Valesdir
VLV,Valera
VLY,""
VNO,Vilnius
VNS,Varanasi
VNX,Vilankulu
VOG,Volgograd
VOL,Nea Anghialos
VOZ,Voronezh
VPE,Ondjiva
VPG,""
VPS,Valparaiso
VPY,Chimoio
VQS,Vieques Island
VRA,Varadero
VRB,Vero Beach
VRC,Virac
VRL,""
VRN,Verona
VRY,Værøy
VSA,Villahermosa
VSE,""
VTE,Vientiane
VTU,Las Tunas
VTZ,Visakhapatnam
VUP,Valledupar
VUS,Veliky Ustyug
VUU,""
VVC,Villavicencio
VVO,Vladivostok
VVZ,Illizi
VXC,Lichinga
VXE,Sao Vicente Island
VXO,Vaxjo
VYI,""
WAA,Wales
WAE,""
WAG,Wanganui
WAS,Washington
WAT,Waterford
WAW,Warsaw
WBB,Stebbins
WBM,Wapenamanda
WBQ,Beaver
WDH,Windhoek
WDS,""
WEC,""
WEF,Weifang
WEH,Weihai
WEI,Weipa
WGA,Wagga Wagga
WGN,""
WGP,Waingapu
WHF,""
WIC,Wick
WIN,Winton
WJR,Wajir
WJU,Wonju
WKJ,Wakkanai
WKK,Aleknagik
WLE,""
WLG,Wellington
WLH,Walaha
WLK,Selawik
WLP,""
WLS,Wallis
WMB,""
WMI,""
WMK,""
WMN,Maroantsetra
WMO,White Mountain
WMT,""
WMX,Wamena
WNA,""
WNH,Wenshan
WNN,Wunnumin Lake
WNP,Naga
WNR,Windorah
WNZ,Wenzhou
WOL,""
WPR,""
WPU,""
WRE,Whangarei
WRG,Wrangell
WRL,Worland
WRO,Wroclaw
WRY,Westray
WRZ,""
WSN,South Naknek
WSX,Westsound
WSZ,Westport
WTK,Noatak
WTL,Tuntutuliak
WUA,Wuhai
WUH,Wuhan
WUN,""
WUS,Wuyishan
WUT,""
WUU,""
WUX,Wuxi
WUZ,Wuzhou
WVB,Walvis Bay
WWK,Wewak
WWP,North Whale Pass
WWT,Newtok
WXN,Wanxian
WYA,Whyalla
WYS,West Yellowstone
XAP,Chapeco
XBE,Bearskin Lake
XBJ,Birjand
XCH,Christmas island
XEQ,""
XFN,Xiangfan
XGR,Kangiqsualujjuaq
XIC,Xichang
XIL,Xilinhot
XIQ,""
XJD,""
XKH,Phon Savan
XKS,Kasabonika
XLB,Lac Brochet
XMH,Manihi
XMN,Xiamen
XNH,""
XNN,Xining
XQP,Quepos
XQU,Qualicum Beach
XRY,Jerez De La Frontera
XSB,Sir Bani Yas Island
XSC,South Caicos
XSI,South Indian Lake
XTG,Thargomindah
XTL,Tadoule Lake
XUZ,Xuzhou
YAA,Anahim Lake
YAB,Arctic Bay
YAC,Cat Lake
YAG,Fort Frances
YAK,Yakutat
YAM,Sault Ste Marie
YAO,Yaounde
YAP,Yap
YAT,Attawapiskat
YAX,Angling Lake
YAY,St Anthony
YAZ,Tofino
YBB,Pelly Bay
YBC,Baie Comeau
YBG,Bagotville
YBK,Baker Lake
YBL,Campbell River
YBP,Yibin
YBR,Brandon
YBT,Brochet
YBV,Berens River
YBX,Lourdes De Blanc Sablon
YCB,Cambridge Bay
YCD,Nanaimo
YCG,Castlegar
YCK,Colville Lake
YCL,Charlo
YCO,Coppermine
YCR,Cross Lake
YCS,Chesterfield Inlet
YCU,Yuncheng
YCY,Clyde River
YDA,Dawson
YDF,Deer lake
YDP,Nain
YDQ,Dawson Creek
YEA,""
YEI,Yenisehir
YEK,Eskimo Point
YER,Fort Severn
YES,""
YEV,Inuvik
YFA,Fort Albany
YFB,Iqaluit
YFC,Fredericton
YFH,Fort Hope
YFJ,""
YFO,Flin Flon
YFS,Fort Simpson
YGB,Texada
YGH,Fort Good Hope
YGJ,Miho
YGK,Kingston
YGL,La Grande Riviere
YGO,Gods Lake Narrows
YGP,Gaspe
YGR,Iles De La Madeleine
YGT,Igloolik
YGV,""
YGW,Kuujjuarapik
YGX,Gillam
YGZ,Grise Fiord
YHD,Dryden
YHI,Holman
YHK,Gjoa Haven
YHO,Hopedale
YHP,Poplar Hill
YHR,Chevery
YHY,Hay river
YHZ,Halifax
YIC,Yichun
YIE,""
YIF,St Augustin
YIH,Yichang
YIK,Ivujivik
YIN,Yining
YIO,Pond Inlet
YIV,Island Lake
YIW,Yiwu
YJT,Stephenville
YKA,Kamloops
YKG,Kangirsuk
YKH,""
YKL,Schefferville
YKM,Yakima
YKO,""
YKQ,Waskaganish
YKS,Yakutsk
YKU,Chisasibi
YLC,Kimmirut
YLE,Whatì
YLH,Lansdowne House
YLL,Lloydminster
YLW,Kelowna
YMK,""
YMM,Fort mcmurray
YMN,Makkovik
YMO,Moosonee
YMQ,Montreal
YMT,Chibougamau
YNA,Natashquan
YNB,Mudanjiang
YNC,Wemindji
YNE,Norway House
YNJ,Yanji
YNO,North spirit lake
YNP,""
YNS,Nemiscau
YNT,Yantai
YNY,""
YNZ,Yancheng
YOC,Old Crow
YOH,Oxford House
YOJ,High level
YOL,Yola
YON,""
YOP,Rainbow lake
YOW,Ottawa
YPB,""
YPC,Paulatuk
YPH,Inukjuak
YPJ,Aupaluk
YPL,Pickle Lake
YPM,Pikangikum
YPN,""
YPO,Peawanuck
YPR,Prince Rupert
YPW,Powell River
YPX,Povungnituk
YPY,Fort Chipewyan
YQB,Quebec
YQC,Quaqtaq
YQD,The Pas
YQF,Red Deer Industrial
YQG,Windsor
YQK,Kenora
YQL,Lethbridge
YQM,Moncton
YQQ,Comox
YQR,Regina
YQT,Thunder Bay
YQU,Grande prairie
YQX,Gander
YQY,Sydney
YQZ,Quesnel
YRA,Gamètì
YRB,Resolute
YRG,Rigolet
YRL,Red Lake
YRS,Red Sucker Lake
YRT,Rankin Inlet
YSB,Sudbury
YSG,Lutselke
YSJ,Saint John
YSK,Sanikiluaq
YSM,Fort smith
YSO,Postville
YSQ,""
YST,St. Theresa Point
YSY,Sachs Harbour
YTE,Cape Dorset
YTH,Thompson
YTL,Big Trout Lake
YTM,Mont-Tremblant
YTO,Toronto
YTQ,Tasiujaq
YTS,Timmins
YTY,Yangzhou
YUB,Tuktoyaktuk
YUD,Umiujaq
YUM,Yuma
YUS,Yushu
YUT,Repulse Bay
YUX,Hall Beach
YUY,Rouyn
YVA,Moroni
YVB,Bonaventure
YVM,Broughton Island
YVO,Val Dor
YVP,Kuujjuaq
YVQ,Norman Wells
YVR,Vancouver
YVZ,Deer Lake
YWB,Kangiqsujuaq
YWG,Winnipeg
YWJ,Deline
YWK,Wabush
YWL,Williams Lake
YWP,Webequie
YXC,Cranbrook
YXE,Saskatoon
YXH,Medicine Hat
YXJ,Fort st john
YXL,Sioux lookout
YXN,Whale Cove
YXP,Pangnirtung
YXS,Prince George
YXT,Terrace
YXU,London
YXX,Abbotsford
YXY,Whitehorse
YYB,North Bay
YYC,Calgary
YYD,Smithers
YYE,Fort nelson
YYF,Penticton
YYG,Charlottetown
YYH,Spence Bay
YYJ,Victoria
YYQ,Churchill
YYR,Goose Bay
YYT,St Johns
YYU,Kapuskasing
YYY,Mont Joli
YZF,Yellowknife
YZG,Salluit
YZP,Sandspit
YZR,Sarnia
YZS,Coral Harbour
YZT,Port hardy
YZV,Sept Iles
YZY,Mackenzie British Columbia
YZZ,Trail
ZAC,York Landing
ZAD,Zadar
ZAG,Zagreb
ZAH,Zahedan
ZAJ,Zaranj
ZAL,Valdivia
ZAM,Zamboanga
ZAT,Zhaotong
ZAZ,Zaragoza
ZBF,Bathurst
ZBL,""
ZBR,Chah Bahar
ZCL,Zacatecas
ZCO,Temuco
ZDY,""
ZEL,Bella Bella
ZEM,Eastmain River
ZFM,Fort Mcpherson
ZFN,Tulita
ZGI,Gods River
ZGR,""
ZGS,""
ZGU,Gaua Island
ZHA,Zhanjiang
ZHY,Zhongwei
ZIA,""
ZIG,Ziguinchor
ZIH,Ixtapa Zihuatanejo
ZIS,""
ZIX,""
ZKE,Kashechewan
ZKG,Kegaska
ZKP,Zyryanka
ZLO,Manzanillo
ZLT,La TabatiŠre
ZMT,Masset
ZND,Zinder
ZNE,Newman
ZNZ,Zanzibar
ZOS,Osorno
ZPB,Sachigo Lake
ZQN,Queenstown
ZQZ,""
ZRH,Zurich
ZRJ,Round Lake
ZSA,Cockburn Town
ZSE,St Pierre
ZSJ,Sandy lake
ZTA,Tureia
ZTB,Tete-a-la-balenine
ZTH,Zakinthos Is
ZTM,Shamattawa
ZUH,Zhuhai
ZUM,Churchill Falls
ZVK,Savannakhet
ZYI,""
ZYL,Sylhet Osmani
ASA,""
RUP,""
DIS,Loubomo
GTP,""
NAC,Naracoorte
GTS,""
GCT,""
OFI,""
ONL,""
CRC,Cartago
BUL,""
